<?xml version="1.0" encoding="UTF-8"?><assessmentItem xmlns="http://www.imsglobal.org/xsd/imsqti_v2p0"
				xmlns:xsi="http://www.w3.org/2001/XMLSchema-instance"
				xsi:schemaLocation="http://www.imsglobal.org/xsd/imsqti_v2p0 imsqti_v2p0.xsd"
				identifier="question6548" title="048" adaptive="false" timeDependent="false">
	<responseDeclaration identifier="question6548multichoice" cardinality="multiple" baseType="identifier">
		<correctResponse>
					<value>28575</value>
					<value>28576</value>
					<value>28577</value>
					<value>28578</value>
				</correctResponse>
	</responseDeclaration>
	<outcomeDeclaration identifier="SCORE" cardinality="single" baseType="float">
		<defaultValue>
			<value>0</value>
		</defaultValue>
	</outcomeDeclaration>
	<outcomeDeclaration identifier="FEEDBACK" cardinality="multiple" baseType="identifier"/>
	<outcomeDeclaration identifier="FEEDBACK2" cardinality="single" baseType="identifier"/>
	<itemBody>
	   <div class="assesmentItemBody">
		<p>Повышает операбельность больных, страдающих фиброзно-кавернозным туберкулезом легких</p>
       </div>
			<div class="interactive.choiceMultiple">
			<choiceInteraction responseIdentifier="question6548multichoice" shuffle="false" maxChoices="4">
    						<simpleChoice identifier="i28575">применение наряду с резекцией легкого (лобэктомией и пневмонэктомией) торакопластики и кавернотомии                
								</simpleChoice>
    						<simpleChoice identifier="i28576">лечение хронического "легочного сердца" и дыхательной недостаточности                
								</simpleChoice>
    						<simpleChoice identifier="i28577">лечение сопутствующих заболеваний                
								</simpleChoice>
    						<simpleChoice identifier="i28578">предоперационная интенсивная специфическая химиотерапия                
								</simpleChoice>
    					</choiceInteraction>
		</div>
	</itemBody>
	<responseProcessing> 
				<responseCondition>
			<responseIf>
				<member>
					<baseValue baseType="identifier">i28575</baseValue>
					<variable identifier="question6548multichoice"/>
				</member>
				<setOutcomeValue identifier="SCORE">
					<sum>
						<variable identifier="SCORE"/>
						<baseValue baseType="float">0.25</baseValue>
					</sum>
				</setOutcomeValue>
			</responseIf>
		</responseCondition>
				<responseCondition>
			<responseIf>
				<member>
					<baseValue baseType="identifier">i28576</baseValue>
					<variable identifier="question6548multichoice"/>
				</member>
				<setOutcomeValue identifier="SCORE">
					<sum>
						<variable identifier="SCORE"/>
						<baseValue baseType="float">0.25</baseValue>
					</sum>
				</setOutcomeValue>
			</responseIf>
		</responseCondition>
				<responseCondition>
			<responseIf>
				<member>
					<baseValue baseType="identifier">i28577</baseValue>
					<variable identifier="question6548multichoice"/>
				</member>
				<setOutcomeValue identifier="SCORE">
					<sum>
						<variable identifier="SCORE"/>
						<baseValue baseType="float">0.25</baseValue>
					</sum>
				</setOutcomeValue>
			</responseIf>
		</responseCondition>
				<responseCondition>
			<responseIf>
				<member>
					<baseValue baseType="identifier">i28578</baseValue>
					<variable identifier="question6548multichoice"/>
				</member>
				<setOutcomeValue identifier="SCORE">
					<sum>
						<variable identifier="SCORE"/>
						<baseValue baseType="float">0.25</baseValue>
					</sum>
				</setOutcomeValue>
			</responseIf>
		</responseCondition>
				<responseCondition>
			<responseIf>
				<lte>
					<variable identifier="SCORE"/>
					<baseValue baseType="float">0</baseValue>
				</lte>
				<setOutcomeValue identifier="SCORE">
					<baseValue baseType="float">0</baseValue>
				</setOutcomeValue>
				<setOutcomeValue identifier="FEEDBACK2">
					<baseValue baseType="identifier">INCORRECT</baseValue>
				</setOutcomeValue>
			</responseIf>
			<responseElseIf>
				<gte>
					<variable identifier="SCORE"/>
					<baseValue baseType="float">0.99</baseValue>
				</gte>
				<setOutcomeValue identifier="SCORE">
					<baseValue baseType="float">1</baseValue>
				</setOutcomeValue>
				<setOutcomeValue identifier="FEEDBACK2">
					<baseValue baseType="identifier">CORRECT</baseValue>
				</setOutcomeValue>
			</responseElseIf>
			<responseElse>
				<setOutcomeValue identifier="FEEDBACK2">
					<baseValue baseType="identifier">PARTIAL</baseValue>
				</setOutcomeValue>
			</responseElse>
		</responseCondition>
        <setOutcomeValue identifier="FEEDBACK">
            <variable identifier="question6548multichoice"/>
        </setOutcomeValue>		
	</responseProcessing>
                </assessmentItem>
