<?xml version="1.0" encoding="UTF-8"?><assessmentItem xmlns="http://www.imsglobal.org/xsd/imsqti_v2p0"
				xmlns:xsi="http://www.w3.org/2001/XMLSchema-instance"
				xsi:schemaLocation="http://www.imsglobal.org/xsd/imsqti_v2p0 imsqti_v2p0.xsd"
				identifier="question6561" title="э 11" adaptive="false" timeDependent="false">
	<responseDeclaration identifier="question6561multichoice" cardinality="single" baseType="identifier">
		<correctResponse>
					<value>28630</value>
				</correctResponse>
	</responseDeclaration>
	<outcomeDeclaration identifier="SCORE" cardinality="single" baseType="float">
		<defaultValue>
			<value>0</value>
		</defaultValue>
	</outcomeDeclaration>
	<outcomeDeclaration identifier="FEEDBACK" cardinality="single" baseType="identifier"/>
	<outcomeDeclaration identifier="FEEDBACK2" cardinality="single" baseType="identifier"/>
	<itemBody>
	   <div class="assesmentItemBody">
		<p>При высокой активности туберкулезного воспалительного процесса в очаге поражения</p>
       </div>
			<div class="interactive.choiceMultiple">
			<choiceInteraction responseIdentifier="question6561multichoice" shuffle="false" maxChoices="1">
    						<simpleChoice identifier="i28628">казеозные массы компактны, среди них имеются участки отложения солей кальция. При окраске по Циль-Нельсену КУМ в них не обнаруживаются                
				    					   			    <feedbackInline identifier="i28628" outcomeIdentifier="FEEDBACK" showHide="show"> </feedbackInline>
                                    				</simpleChoice>
    						<simpleChoice identifier="i28629">казеозные массы разрыхлены, среди них имеются скопления лимфоцитов и единичные нейтрофилы. При окраске по Циль-Нельсену КУМ в них не обнаруживаются                
				    					   			    <feedbackInline identifier="i28629" outcomeIdentifier="FEEDBACK" showHide="show"> </feedbackInline>
                                    				</simpleChoice>
    						<simpleChoice identifier="i28630">казеозные массы разрыхлены, среди них имеются их расплавления с большой инфильтрацией казеозных масс нейтрофилами. При окраске по Циль-Нельсену КУМ в них обнаруживаются                
				    					   			    <feedbackInline identifier="i28630" outcomeIdentifier="FEEDBACK" showHide="show"> </feedbackInline>
                                    				</simpleChoice>
    					</choiceInteraction>
		</div>
	</itemBody>
	<responseProcessing> 
				<responseCondition>
			<responseIf>
				<match>
					<baseValue baseType="identifier">i28628</baseValue>
					<variable identifier="question6561multichoice"/>
				</match>
				<setOutcomeValue identifier="SCORE">
					<sum>
						<variable identifier="SCORE"/>
						<baseValue baseType="float">0</baseValue>
					</sum>
				</setOutcomeValue>
			</responseIf>
		</responseCondition>
				<responseCondition>
			<responseIf>
				<match>
					<baseValue baseType="identifier">i28629</baseValue>
					<variable identifier="question6561multichoice"/>
				</match>
				<setOutcomeValue identifier="SCORE">
					<sum>
						<variable identifier="SCORE"/>
						<baseValue baseType="float">0</baseValue>
					</sum>
				</setOutcomeValue>
			</responseIf>
		</responseCondition>
				<responseCondition>
			<responseIf>
				<match>
					<baseValue baseType="identifier">i28630</baseValue>
					<variable identifier="question6561multichoice"/>
				</match>
				<setOutcomeValue identifier="SCORE">
					<sum>
						<variable identifier="SCORE"/>
						<baseValue baseType="float">1</baseValue>
					</sum>
				</setOutcomeValue>
			</responseIf>
		</responseCondition>
				<responseCondition>
			<responseIf>
				<lte>
					<variable identifier="SCORE"/>
					<baseValue baseType="float">0</baseValue>
				</lte>
				<setOutcomeValue identifier="SCORE">
					<baseValue baseType="float">0</baseValue>
				</setOutcomeValue>
				<setOutcomeValue identifier="FEEDBACK2">
					<baseValue baseType="identifier">INCORRECT</baseValue>
				</setOutcomeValue>
			</responseIf>
			<responseElseIf>
				<gte>
					<variable identifier="SCORE"/>
					<baseValue baseType="float">0.99</baseValue>
				</gte>
				<setOutcomeValue identifier="SCORE">
					<baseValue baseType="float">1</baseValue>
				</setOutcomeValue>
				<setOutcomeValue identifier="FEEDBACK2">
					<baseValue baseType="identifier">CORRECT</baseValue>
				</setOutcomeValue>
			</responseElseIf>
			<responseElse>
				<setOutcomeValue identifier="FEEDBACK2">
					<baseValue baseType="identifier">PARTIAL</baseValue>
				</setOutcomeValue>
			</responseElse>
		</responseCondition>
        <setOutcomeValue identifier="FEEDBACK">
            <variable identifier="question6561multichoice"/>
        </setOutcomeValue>		
	</responseProcessing>
                </assessmentItem>
