<?xml version="1.0" encoding="UTF-8"?><assessmentItem xmlns="http://www.imsglobal.org/xsd/imsqti_v2p0"
				xmlns:xsi="http://www.w3.org/2001/XMLSchema-instance"
				xsi:schemaLocation="http://www.imsglobal.org/xsd/imsqti_v2p0 imsqti_v2p0.xsd"
				identifier="question6539" title="039" adaptive="false" timeDependent="false">
	<responseDeclaration identifier="question6539multichoice" cardinality="multiple" baseType="identifier">
		<correctResponse>
					<value>28539</value>
					<value>28540</value>
					<value>28541</value>
					<value>28542</value>
				</correctResponse>
	</responseDeclaration>
	<outcomeDeclaration identifier="SCORE" cardinality="single" baseType="float">
		<defaultValue>
			<value>0</value>
		</defaultValue>
	</outcomeDeclaration>
	<outcomeDeclaration identifier="FEEDBACK" cardinality="multiple" baseType="identifier"/>
	<outcomeDeclaration identifier="FEEDBACK2" cardinality="single" baseType="identifier"/>
	<itemBody>
	   <div class="assesmentItemBody">
		<p>Патогенетическая терапия при туберкулезе имеет цель</p>
       </div>
			<div class="interactive.choiceMultiple">
			<choiceInteraction responseIdentifier="question6539multichoice" shuffle="false" maxChoices="4">
    						<simpleChoice identifier="i28539">повысить сопротивляемость организма                
								</simpleChoice>
    						<simpleChoice identifier="i28540">повысить концентрацию химиопрепаратов в очаге поражения                
								</simpleChoice>
    						<simpleChoice identifier="i28541">замедлить формирование рубцовой ткани                
								</simpleChoice>
    						<simpleChoice identifier="i28542">подавить или усилить воспалительную реакцию                
								</simpleChoice>
    					</choiceInteraction>
		</div>
	</itemBody>
	<responseProcessing> 
				<responseCondition>
			<responseIf>
				<member>
					<baseValue baseType="identifier">i28539</baseValue>
					<variable identifier="question6539multichoice"/>
				</member>
				<setOutcomeValue identifier="SCORE">
					<sum>
						<variable identifier="SCORE"/>
						<baseValue baseType="float">0.25</baseValue>
					</sum>
				</setOutcomeValue>
			</responseIf>
		</responseCondition>
				<responseCondition>
			<responseIf>
				<member>
					<baseValue baseType="identifier">i28540</baseValue>
					<variable identifier="question6539multichoice"/>
				</member>
				<setOutcomeValue identifier="SCORE">
					<sum>
						<variable identifier="SCORE"/>
						<baseValue baseType="float">0.25</baseValue>
					</sum>
				</setOutcomeValue>
			</responseIf>
		</responseCondition>
				<responseCondition>
			<responseIf>
				<member>
					<baseValue baseType="identifier">i28541</baseValue>
					<variable identifier="question6539multichoice"/>
				</member>
				<setOutcomeValue identifier="SCORE">
					<sum>
						<variable identifier="SCORE"/>
						<baseValue baseType="float">0.25</baseValue>
					</sum>
				</setOutcomeValue>
			</responseIf>
		</responseCondition>
				<responseCondition>
			<responseIf>
				<member>
					<baseValue baseType="identifier">i28542</baseValue>
					<variable identifier="question6539multichoice"/>
				</member>
				<setOutcomeValue identifier="SCORE">
					<sum>
						<variable identifier="SCORE"/>
						<baseValue baseType="float">0.25</baseValue>
					</sum>
				</setOutcomeValue>
			</responseIf>
		</responseCondition>
				<responseCondition>
			<responseIf>
				<lte>
					<variable identifier="SCORE"/>
					<baseValue baseType="float">0</baseValue>
				</lte>
				<setOutcomeValue identifier="SCORE">
					<baseValue baseType="float">0</baseValue>
				</setOutcomeValue>
				<setOutcomeValue identifier="FEEDBACK2">
					<baseValue baseType="identifier">INCORRECT</baseValue>
				</setOutcomeValue>
			</responseIf>
			<responseElseIf>
				<gte>
					<variable identifier="SCORE"/>
					<baseValue baseType="float">0.99</baseValue>
				</gte>
				<setOutcomeValue identifier="SCORE">
					<baseValue baseType="float">1</baseValue>
				</setOutcomeValue>
				<setOutcomeValue identifier="FEEDBACK2">
					<baseValue baseType="identifier">CORRECT</baseValue>
				</setOutcomeValue>
			</responseElseIf>
			<responseElse>
				<setOutcomeValue identifier="FEEDBACK2">
					<baseValue baseType="identifier">PARTIAL</baseValue>
				</setOutcomeValue>
			</responseElse>
		</responseCondition>
        <setOutcomeValue identifier="FEEDBACK">
            <variable identifier="question6539multichoice"/>
        </setOutcomeValue>		
	</responseProcessing>
                </assessmentItem>
