<?xml version="1.0" encoding="UTF-8"?><assessmentItem xmlns="http://www.imsglobal.org/xsd/imsqti_v2p0"
				xmlns:xsi="http://www.w3.org/2001/XMLSchema-instance"
				xsi:schemaLocation="http://www.imsglobal.org/xsd/imsqti_v2p0 imsqti_v2p0.xsd"
				identifier="question6576" title="э 26" adaptive="false" timeDependent="false">
	<responseDeclaration identifier="question6576multichoice" cardinality="single" baseType="identifier">
		<correctResponse>
					<value>28690</value>
				</correctResponse>
	</responseDeclaration>
	<outcomeDeclaration identifier="SCORE" cardinality="single" baseType="float">
		<defaultValue>
			<value>0</value>
		</defaultValue>
	</outcomeDeclaration>
	<outcomeDeclaration identifier="FEEDBACK" cardinality="single" baseType="identifier"/>
	<outcomeDeclaration identifier="FEEDBACK2" cardinality="single" baseType="identifier"/>
	<itemBody>
	   <div class="assesmentItemBody">
		<p>Регистрационная группа больного туберкулезом, у которого вновь появились признаки активного туберкулеза и было выявлено наличие МЛУ МБТ после эффективного курса химиотерапии по 1 режиму<br /></p>
       </div>
			<div class="interactive.choiceMultiple">
			<choiceInteraction responseIdentifier="question6576multichoice" shuffle="false" maxChoices="1">
    						<simpleChoice identifier="i28690">рецидив                
				    					   			    <feedbackInline identifier="i28690" outcomeIdentifier="FEEDBACK" showHide="show"> </feedbackInline>
                                    				</simpleChoice>
    						<simpleChoice identifier="i28691">впервые выявленный                
				    					   			    <feedbackInline identifier="i28691" outcomeIdentifier="FEEDBACK" showHide="show"> </feedbackInline>
                                    				</simpleChoice>
    						<simpleChoice identifier="i28692">после прерывания курса химиотерапии                
				    					   			    <feedbackInline identifier="i28692" outcomeIdentifier="FEEDBACK" showHide="show"> </feedbackInline>
                                    				</simpleChoice>
    						<simpleChoice identifier="i28693">после неэффективного курса химиотерапии по 1/3 режиму                
				    					   			    <feedbackInline identifier="i28693" outcomeIdentifier="FEEDBACK" showHide="show"> </feedbackInline>
                                    				</simpleChoice>
    						<simpleChoice identifier="i28694">прочие                
				    					   			    <feedbackInline identifier="i28694" outcomeIdentifier="FEEDBACK" showHide="show"> </feedbackInline>
                                    				</simpleChoice>
    					</choiceInteraction>
		</div>
	</itemBody>
	<responseProcessing> 
				<responseCondition>
			<responseIf>
				<match>
					<baseValue baseType="identifier">i28690</baseValue>
					<variable identifier="question6576multichoice"/>
				</match>
				<setOutcomeValue identifier="SCORE">
					<sum>
						<variable identifier="SCORE"/>
						<baseValue baseType="float">1</baseValue>
					</sum>
				</setOutcomeValue>
			</responseIf>
		</responseCondition>
				<responseCondition>
			<responseIf>
				<match>
					<baseValue baseType="identifier">i28691</baseValue>
					<variable identifier="question6576multichoice"/>
				</match>
				<setOutcomeValue identifier="SCORE">
					<sum>
						<variable identifier="SCORE"/>
						<baseValue baseType="float">0</baseValue>
					</sum>
				</setOutcomeValue>
			</responseIf>
		</responseCondition>
				<responseCondition>
			<responseIf>
				<match>
					<baseValue baseType="identifier">i28692</baseValue>
					<variable identifier="question6576multichoice"/>
				</match>
				<setOutcomeValue identifier="SCORE">
					<sum>
						<variable identifier="SCORE"/>
						<baseValue baseType="float">0</baseValue>
					</sum>
				</setOutcomeValue>
			</responseIf>
		</responseCondition>
				<responseCondition>
			<responseIf>
				<match>
					<baseValue baseType="identifier">i28693</baseValue>
					<variable identifier="question6576multichoice"/>
				</match>
				<setOutcomeValue identifier="SCORE">
					<sum>
						<variable identifier="SCORE"/>
						<baseValue baseType="float">0</baseValue>
					</sum>
				</setOutcomeValue>
			</responseIf>
		</responseCondition>
				<responseCondition>
			<responseIf>
				<match>
					<baseValue baseType="identifier">i28694</baseValue>
					<variable identifier="question6576multichoice"/>
				</match>
				<setOutcomeValue identifier="SCORE">
					<sum>
						<variable identifier="SCORE"/>
						<baseValue baseType="float">0</baseValue>
					</sum>
				</setOutcomeValue>
			</responseIf>
		</responseCondition>
				<responseCondition>
			<responseIf>
				<lte>
					<variable identifier="SCORE"/>
					<baseValue baseType="float">0</baseValue>
				</lte>
				<setOutcomeValue identifier="SCORE">
					<baseValue baseType="float">0</baseValue>
				</setOutcomeValue>
				<setOutcomeValue identifier="FEEDBACK2">
					<baseValue baseType="identifier">INCORRECT</baseValue>
				</setOutcomeValue>
			</responseIf>
			<responseElseIf>
				<gte>
					<variable identifier="SCORE"/>
					<baseValue baseType="float">0.99</baseValue>
				</gte>
				<setOutcomeValue identifier="SCORE">
					<baseValue baseType="float">1</baseValue>
				</setOutcomeValue>
				<setOutcomeValue identifier="FEEDBACK2">
					<baseValue baseType="identifier">CORRECT</baseValue>
				</setOutcomeValue>
			</responseElseIf>
			<responseElse>
				<setOutcomeValue identifier="FEEDBACK2">
					<baseValue baseType="identifier">PARTIAL</baseValue>
				</setOutcomeValue>
			</responseElse>
		</responseCondition>
        <setOutcomeValue identifier="FEEDBACK">
            <variable identifier="question6576multichoice"/>
        </setOutcomeValue>		
	</responseProcessing>
                </assessmentItem>
