<?xml version="1.0" encoding="UTF-8"?><assessmentItem xmlns="http://www.imsglobal.org/xsd/imsqti_v2p0"
				xmlns:xsi="http://www.w3.org/2001/XMLSchema-instance"
				xsi:schemaLocation="http://www.imsglobal.org/xsd/imsqti_v2p0 imsqti_v2p0.xsd"
				identifier="question6597" title="э 47" adaptive="false" timeDependent="false">
	<responseDeclaration identifier="question6597multichoice" cardinality="single" baseType="identifier">
		<correctResponse>
					<value>28784</value>
				</correctResponse>
	</responseDeclaration>
	<outcomeDeclaration identifier="SCORE" cardinality="single" baseType="float">
		<defaultValue>
			<value>0</value>
		</defaultValue>
	</outcomeDeclaration>
	<outcomeDeclaration identifier="FEEDBACK" cardinality="single" baseType="identifier"/>
	<outcomeDeclaration identifier="FEEDBACK2" cardinality="single" baseType="identifier"/>
	<itemBody>
	   <div class="assesmentItemBody">
		<p>Среди всех технологий иммунодиагностики туберкулеза наиболее перспективным у ЛЖВ (лиц, живущих с ВИЧ-инфекцией) является</p>
       </div>
			<div class="interactive.choiceMultiple">
			<choiceInteraction responseIdentifier="question6597multichoice" shuffle="false" maxChoices="1">
    						<simpleChoice identifier="i28780">проба Манту                
				    					   			    <feedbackInline identifier="i28780" outcomeIdentifier="FEEDBACK" showHide="show"> </feedbackInline>
                                    				</simpleChoice>
    						<simpleChoice identifier="i28781">диаскинтест                
				    					   			    <feedbackInline identifier="i28781" outcomeIdentifier="FEEDBACK" showHide="show"> </feedbackInline>
                                    				</simpleChoice>
    						<simpleChoice identifier="i28782">квантифероновый тест                
				    					   			    <feedbackInline identifier="i28782" outcomeIdentifier="FEEDBACK" showHide="show"> </feedbackInline>
                                    				</simpleChoice>
    						<simpleChoice identifier="i28783">ИФА c туберкулезным антигеном                
				    					   			    <feedbackInline identifier="i28783" outcomeIdentifier="FEEDBACK" showHide="show"> </feedbackInline>
                                    				</simpleChoice>
    						<simpleChoice identifier="i28784">Т-SPOT тест                
				    					   			    <feedbackInline identifier="i28784" outcomeIdentifier="FEEDBACK" showHide="show"> </feedbackInline>
                                    				</simpleChoice>
    					</choiceInteraction>
		</div>
	</itemBody>
	<responseProcessing> 
				<responseCondition>
			<responseIf>
				<match>
					<baseValue baseType="identifier">i28780</baseValue>
					<variable identifier="question6597multichoice"/>
				</match>
				<setOutcomeValue identifier="SCORE">
					<sum>
						<variable identifier="SCORE"/>
						<baseValue baseType="float">0</baseValue>
					</sum>
				</setOutcomeValue>
			</responseIf>
		</responseCondition>
				<responseCondition>
			<responseIf>
				<match>
					<baseValue baseType="identifier">i28781</baseValue>
					<variable identifier="question6597multichoice"/>
				</match>
				<setOutcomeValue identifier="SCORE">
					<sum>
						<variable identifier="SCORE"/>
						<baseValue baseType="float">0</baseValue>
					</sum>
				</setOutcomeValue>
			</responseIf>
		</responseCondition>
				<responseCondition>
			<responseIf>
				<match>
					<baseValue baseType="identifier">i28782</baseValue>
					<variable identifier="question6597multichoice"/>
				</match>
				<setOutcomeValue identifier="SCORE">
					<sum>
						<variable identifier="SCORE"/>
						<baseValue baseType="float">0</baseValue>
					</sum>
				</setOutcomeValue>
			</responseIf>
		</responseCondition>
				<responseCondition>
			<responseIf>
				<match>
					<baseValue baseType="identifier">i28783</baseValue>
					<variable identifier="question6597multichoice"/>
				</match>
				<setOutcomeValue identifier="SCORE">
					<sum>
						<variable identifier="SCORE"/>
						<baseValue baseType="float">0</baseValue>
					</sum>
				</setOutcomeValue>
			</responseIf>
		</responseCondition>
				<responseCondition>
			<responseIf>
				<match>
					<baseValue baseType="identifier">i28784</baseValue>
					<variable identifier="question6597multichoice"/>
				</match>
				<setOutcomeValue identifier="SCORE">
					<sum>
						<variable identifier="SCORE"/>
						<baseValue baseType="float">1</baseValue>
					</sum>
				</setOutcomeValue>
			</responseIf>
		</responseCondition>
				<responseCondition>
			<responseIf>
				<lte>
					<variable identifier="SCORE"/>
					<baseValue baseType="float">0</baseValue>
				</lte>
				<setOutcomeValue identifier="SCORE">
					<baseValue baseType="float">0</baseValue>
				</setOutcomeValue>
				<setOutcomeValue identifier="FEEDBACK2">
					<baseValue baseType="identifier">INCORRECT</baseValue>
				</setOutcomeValue>
			</responseIf>
			<responseElseIf>
				<gte>
					<variable identifier="SCORE"/>
					<baseValue baseType="float">0.99</baseValue>
				</gte>
				<setOutcomeValue identifier="SCORE">
					<baseValue baseType="float">1</baseValue>
				</setOutcomeValue>
				<setOutcomeValue identifier="FEEDBACK2">
					<baseValue baseType="identifier">CORRECT</baseValue>
				</setOutcomeValue>
			</responseElseIf>
			<responseElse>
				<setOutcomeValue identifier="FEEDBACK2">
					<baseValue baseType="identifier">PARTIAL</baseValue>
				</setOutcomeValue>
			</responseElse>
		</responseCondition>
        <setOutcomeValue identifier="FEEDBACK">
            <variable identifier="question6597multichoice"/>
        </setOutcomeValue>		
	</responseProcessing>
                </assessmentItem>
