<?xml version="1.0" encoding="UTF-8"?><assessmentItem xmlns="http://www.imsglobal.org/xsd/imsqti_v2p0"
				xmlns:xsi="http://www.w3.org/2001/XMLSchema-instance"
				xsi:schemaLocation="http://www.imsglobal.org/xsd/imsqti_v2p0 imsqti_v2p0.xsd"
				identifier="question6525" title="025" adaptive="false" timeDependent="false">
	<responseDeclaration identifier="question6525multichoice" cardinality="single" baseType="identifier">
		<correctResponse>
					<value>28492</value>
				</correctResponse>
	</responseDeclaration>
	<outcomeDeclaration identifier="SCORE" cardinality="single" baseType="float">
		<defaultValue>
			<value>0</value>
		</defaultValue>
	</outcomeDeclaration>
	<outcomeDeclaration identifier="FEEDBACK" cardinality="single" baseType="identifier"/>
	<outcomeDeclaration identifier="FEEDBACK2" cardinality="single" baseType="identifier"/>
	<itemBody>
	   <div class="assesmentItemBody">
		<p>В лаважной жидкости, полученной из легкого здорового человека, преобладают</p>
       </div>
			<div class="interactive.choiceMultiple">
			<choiceInteraction responseIdentifier="question6525multichoice" shuffle="false" maxChoices="1">
    						<simpleChoice identifier="i28490">нейтрофилы                
								</simpleChoice>
    						<simpleChoice identifier="i28491">лимфоциты                
								</simpleChoice>
    						<simpleChoice identifier="i28492">альвеолярные макрофаги                
								</simpleChoice>
    					</choiceInteraction>
		</div>
	</itemBody>
	<responseProcessing> 
				<responseCondition>
			<responseIf>
				<match>
					<baseValue baseType="identifier">i28490</baseValue>
					<variable identifier="question6525multichoice"/>
				</match>
				<setOutcomeValue identifier="SCORE">
					<sum>
						<variable identifier="SCORE"/>
						<baseValue baseType="float">-0.5</baseValue>
					</sum>
				</setOutcomeValue>
			</responseIf>
		</responseCondition>
				<responseCondition>
			<responseIf>
				<match>
					<baseValue baseType="identifier">i28491</baseValue>
					<variable identifier="question6525multichoice"/>
				</match>
				<setOutcomeValue identifier="SCORE">
					<sum>
						<variable identifier="SCORE"/>
						<baseValue baseType="float">-0.5</baseValue>
					</sum>
				</setOutcomeValue>
			</responseIf>
		</responseCondition>
				<responseCondition>
			<responseIf>
				<match>
					<baseValue baseType="identifier">i28492</baseValue>
					<variable identifier="question6525multichoice"/>
				</match>
				<setOutcomeValue identifier="SCORE">
					<sum>
						<variable identifier="SCORE"/>
						<baseValue baseType="float">1</baseValue>
					</sum>
				</setOutcomeValue>
			</responseIf>
		</responseCondition>
				<responseCondition>
			<responseIf>
				<lte>
					<variable identifier="SCORE"/>
					<baseValue baseType="float">0</baseValue>
				</lte>
				<setOutcomeValue identifier="SCORE">
					<baseValue baseType="float">0</baseValue>
				</setOutcomeValue>
				<setOutcomeValue identifier="FEEDBACK2">
					<baseValue baseType="identifier">INCORRECT</baseValue>
				</setOutcomeValue>
			</responseIf>
			<responseElseIf>
				<gte>
					<variable identifier="SCORE"/>
					<baseValue baseType="float">0.99</baseValue>
				</gte>
				<setOutcomeValue identifier="SCORE">
					<baseValue baseType="float">1</baseValue>
				</setOutcomeValue>
				<setOutcomeValue identifier="FEEDBACK2">
					<baseValue baseType="identifier">CORRECT</baseValue>
				</setOutcomeValue>
			</responseElseIf>
			<responseElse>
				<setOutcomeValue identifier="FEEDBACK2">
					<baseValue baseType="identifier">PARTIAL</baseValue>
				</setOutcomeValue>
			</responseElse>
		</responseCondition>
        <setOutcomeValue identifier="FEEDBACK">
            <variable identifier="question6525multichoice"/>
        </setOutcomeValue>		
	</responseProcessing>
                </assessmentItem>
