<?xml version="1.0" encoding="UTF-8"?><assessmentItem xmlns="http://www.imsglobal.org/xsd/imsqti_v2p0"
				xmlns:xsi="http://www.w3.org/2001/XMLSchema-instance"
				xsi:schemaLocation="http://www.imsglobal.org/xsd/imsqti_v2p0 imsqti_v2p0.xsd"
				identifier="question6552" title="э 02" adaptive="false" timeDependent="false">
	<responseDeclaration identifier="question6552multichoice" cardinality="single" baseType="identifier">
		<correctResponse>
					<value>28591</value>
				</correctResponse>
	</responseDeclaration>
	<outcomeDeclaration identifier="SCORE" cardinality="single" baseType="float">
		<defaultValue>
			<value>0</value>
		</defaultValue>
	</outcomeDeclaration>
	<outcomeDeclaration identifier="FEEDBACK" cardinality="single" baseType="identifier"/>
	<outcomeDeclaration identifier="FEEDBACK2" cardinality="single" baseType="identifier"/>
	<itemBody>
	   <div class="assesmentItemBody">
		<p>Трансторакальная биопсия наиболее эффективно применяется </p>
       </div>
			<div class="interactive.choiceMultiple">
			<choiceInteraction responseIdentifier="question6552multichoice" shuffle="false" maxChoices="1">
    						<simpleChoice identifier="i28591">при пристеночных образованиях грудной полости                
				    					   			    <feedbackInline identifier="i28591" outcomeIdentifier="FEEDBACK" showHide="show"> </feedbackInline>
                                    				</simpleChoice>
    						<simpleChoice identifier="i28592">при междолевых плевритах                
				    					   			    <feedbackInline identifier="i28592" outcomeIdentifier="FEEDBACK" showHide="show"> </feedbackInline>
                                    				</simpleChoice>
    						<simpleChoice identifier="i28593">при долевых ателектазах                
				    					   			    <feedbackInline identifier="i28593" outcomeIdentifier="FEEDBACK" showHide="show"> </feedbackInline>
                                    				</simpleChoice>
    						<simpleChoice identifier="i28594">при патологических образованиях корней легких                
				    					   			    <feedbackInline identifier="i28594" outcomeIdentifier="FEEDBACK" showHide="show"> </feedbackInline>
                                    				</simpleChoice>
    					</choiceInteraction>
		</div>
	</itemBody>
	<responseProcessing> 
				<responseCondition>
			<responseIf>
				<match>
					<baseValue baseType="identifier">i28591</baseValue>
					<variable identifier="question6552multichoice"/>
				</match>
				<setOutcomeValue identifier="SCORE">
					<sum>
						<variable identifier="SCORE"/>
						<baseValue baseType="float">1</baseValue>
					</sum>
				</setOutcomeValue>
			</responseIf>
		</responseCondition>
				<responseCondition>
			<responseIf>
				<match>
					<baseValue baseType="identifier">i28592</baseValue>
					<variable identifier="question6552multichoice"/>
				</match>
				<setOutcomeValue identifier="SCORE">
					<sum>
						<variable identifier="SCORE"/>
						<baseValue baseType="float">0</baseValue>
					</sum>
				</setOutcomeValue>
			</responseIf>
		</responseCondition>
				<responseCondition>
			<responseIf>
				<match>
					<baseValue baseType="identifier">i28593</baseValue>
					<variable identifier="question6552multichoice"/>
				</match>
				<setOutcomeValue identifier="SCORE">
					<sum>
						<variable identifier="SCORE"/>
						<baseValue baseType="float">0</baseValue>
					</sum>
				</setOutcomeValue>
			</responseIf>
		</responseCondition>
				<responseCondition>
			<responseIf>
				<match>
					<baseValue baseType="identifier">i28594</baseValue>
					<variable identifier="question6552multichoice"/>
				</match>
				<setOutcomeValue identifier="SCORE">
					<sum>
						<variable identifier="SCORE"/>
						<baseValue baseType="float">0</baseValue>
					</sum>
				</setOutcomeValue>
			</responseIf>
		</responseCondition>
				<responseCondition>
			<responseIf>
				<lte>
					<variable identifier="SCORE"/>
					<baseValue baseType="float">0</baseValue>
				</lte>
				<setOutcomeValue identifier="SCORE">
					<baseValue baseType="float">0</baseValue>
				</setOutcomeValue>
				<setOutcomeValue identifier="FEEDBACK2">
					<baseValue baseType="identifier">INCORRECT</baseValue>
				</setOutcomeValue>
			</responseIf>
			<responseElseIf>
				<gte>
					<variable identifier="SCORE"/>
					<baseValue baseType="float">0.99</baseValue>
				</gte>
				<setOutcomeValue identifier="SCORE">
					<baseValue baseType="float">1</baseValue>
				</setOutcomeValue>
				<setOutcomeValue identifier="FEEDBACK2">
					<baseValue baseType="identifier">CORRECT</baseValue>
				</setOutcomeValue>
			</responseElseIf>
			<responseElse>
				<setOutcomeValue identifier="FEEDBACK2">
					<baseValue baseType="identifier">PARTIAL</baseValue>
				</setOutcomeValue>
			</responseElse>
		</responseCondition>
        <setOutcomeValue identifier="FEEDBACK">
            <variable identifier="question6552multichoice"/>
        </setOutcomeValue>		
	</responseProcessing>
                </assessmentItem>
